"","p_val","avg_log2FC","pct.1","pct.2","p_val_adj","gene"
"RPL36A",1.43471717874353e-15,-0.48160894009874,0.92,0.963,2.17976580966504e-11,"RPL36A"
"IGJ",2.28788652208661e-12,-0.772717599524092,0.419,0.675,3.47598599300618e-08,"IGJ"
"IGLL5",7.65551081337808e-09,-0.803478133692567,0.359,0.566,0.000116310175787653,"IGLL5"
